State,Testing Site Name,Facility Type,Testing Site Address,Testing Site Zip,Testing Site Phone Number,Testing Site Hours,Instructions,URL Source,Testing Site Status
Alaska,Fairbanks' Foundation Health Partners - Drive- Thru,Drive-Thru,"800 Noble St, Fairbanks, AK 99701",99701,(907) 458-2888,Call to confirm hours,"Testing will only be done on patients that are exhibiting symptoms and have a physician's referral. You will only be tested if you are exhibiting symptoms and are one of the following: • Immunocompromised individuals, • Individuals over the age of 60, • Those who are pregnant, • Critical health workers or community workers, • Nursing home workers, • Those with diabetes or chronic kidney, heart and/or lung diseases. More information about the drive-thru testing stations can be found by calling the hospital's COVID-19 hotline at 907-458-2888.",http://www.newsminer.com/alerts/fairbanks-launches-drive-thru-testing-for-covid-19/article_68c92f58-6d74-11ea-8291-c3ac02d32cb5.html,New Testing Site
Alaska,Fairbanks Memorial Hospital,Walk-up,"1650 Cowles Street, Fairbanks, AK 99701",99701,(907) 458-2888,Call to confirm hours,"A tent has been set up outside of the emergency department for patients to walk through if they wish to be tested outside of a health care facility with other patients. Testing will only be done on patients that are exhibiting symptoms and have a physician's referral. You will only be tested if you are exhibiting symptoms and are one of the following: • Immunocompromised individuals, • Individuals over the age of 60, • Those who are pregnant, • Critical health workers or community workers, • Nursing home workers, • Those with diabetes or chronic kidney, heart and/or lung diseases. More information about the drive-thru testing stations can be found by calling the hospital's COVID-19 hotline at 907-458-2888.",http://www.newsminer.com/alerts/fairbanks-launches-drive-thru-testing-for-covid-19/article_68c92f58-6d74-11ea-8291-c3ac02d32cb5.html,New Testing Site
Florida,South County Civic Center,Drive-Thru,"16700 Jog Road, Delray Beach, FL 33446",33446,(561) 804-0250,"8am-4pm, Monday-Friday","Telephone registration and appointment scheduling will begin on Monday, April 6, 2020 at 10:00 A.M. Beginning Tuesday, April 7, the phone line will be open 7: 00 A.M. to 7:00 P.M., seven days a week. Following Tuesday’s opening, testing will be available Monday through Friday from 8 A.M. to 4:00 P.M. and Saturday from 8 A.M. to 12 P.M. Preapproval and appointments are required. Individuals requesting testing will be approved through telephone screening conducted by Cleveland Clinic Florida. Screening criteria will include presence of symptoms, exposures, and risk factors.
A brief telephone interview will be conducted to determine eligibility for COVID-19 testing. There may be a high volume of calls, but staff will get to them as quickly as possible. Callers approved for testing will be given an appointment date and time slot for arrival at the testing site. Appointments can be made at 561-804-0250. Upon arrival at the site, a rapid check-in procedure will be conducted that will include verification of appointment time.",http://discover.pbcgov.org/Lists/Newsroom/NewsDispForm.aspx?ID=2735&RootFolder=/Lists/Newsroom&Source=http://discover.pbcgov.org/Pages/default.aspx,New Testing Site
Georgia,Georgia Tech- CVS Testing site,Drive-Thru,"352 Peachtree Place, Atlanta, GA, 30332",30332,,"9am-6pm, Monday-Friday; 10am-5pm, Saturday; 10am-4pm, Sunday","Rapid COVID-19 testing will be available to eligible individuals who meet criteria established by the Centers for Disease Control and Prevention, in addition to state residency and age guidelines. Patients will need to pre-register in advance on-line at CVS.com in order to schedule a same-day time slot to be tested.
When patients arrive at the test site, they are required stay in their vehicle. Team members on site will check their registration and direct them through the testing process. For the safety of patients and health care providers on site, testing is limited to drive-through testing only.
For more information about test site locations, hours of operations, and how to register for a test, please visit https://www.cvs.com/minuteclinic/covid-19-testing.",https://www.cvs.com/minuteclinic/covid-19-testing.,New Testing Site
Hawaii,Windward Urgent Care-Walgreens,Drive-thru,"46-021 Kamehameha Hwy Kaneohe, HI 96744", 96744,(808) 234-1490,Not specified at this time.,The Walgreen's has a doctor screening patients to make sure they meet the criteria for being tested or you can get an order from your primary care physician to be tested,https://www.talktomira.com/post/where-to-get-tested-for-coronavirus-covid-19-in-honolulu-hawaii,New Testing Site
Hawaii,Queen’s Island Urgent Care-Kapahulu,Clinic,"449 Kapahulu Ave Suite 104, Honolulu, HI 96815", 96815,(808) 691-2619,"8am-8pm, Daily",Queen’s Island Urgent Care is not accepting any walk-in COVID-19 testing. Call the info line — (808) 691-2619 to see if you are eligible for testing and to schedule your appointment.,https://www.talktomira.com/post/where-to-get-tested-for-coronavirus-covid-19-in-honolulu-hawaii,New Testing Site
Hawaii,Queen’s Island Urgent Care-Kakaako,Clinic,"400 Keawe St, Suite 100, Honolulu, HI 96813", 96813,(808) 691-2619,"8am-8pm, Daily",Queen’s Island Urgent Care is not accepting any walk-in COVID-19 testing. Call the info line — (808) 691-2619 to see if you are eligible for testing and to schedule your appointment.,https://www.talktomira.com/post/where-to-get-tested-for-coronavirus-covid-19-in-honolulu-hawaii,New Testing Site
Hawaii,Molokai General Hospital,Hospital,"280 Home Olu Pl, Kaunakakai, HI 96748", 96748,(808) 691-2619,,"Queens hospital emergency department could test for COVID-19, but only for those with high risks. Call the Queen’s Medical physician hotline — (808) 691-2619 — for information on testing.",https://www.talktomira.com/post/where-to-get-tested-for-coronavirus-covid-19-in-honolulu-hawaii,New Testing Site
Hawaii,Queen’s Island Urgent Care-Pearl Kai,Clinic,"98-199 Kamehameha Hwy, Bldg F, Aiea, HI 96701", 96701,(808) 691-2619,"8am-8pm, Daily",Queen’s Island Urgent Care is not accepting any walk-in COVID-19 testing. Call the info line — (808) 691-2619 to see if you are eligible for testing and to schedule your appointment.,https://www.talktomira.com/post/where-to-get-tested-for-coronavirus-covid-19-in-honolulu-hawaii,New Testing Site
Idaho,St. Luke's Plaza,Drive-Thru,"800 E. Park Blvd., Boise, ID 83712", 83712,(208) 381-9500,"10am-6pm, Daily","In an effort to help manage patient flow in all urgent care, emergency department and ambulatory clinic sites, there will be standing up COVID-19 tents for screening and specimen collection for testing. The tents will hold supplies, and patients will stay in their cars for screening, registration and specimen collection for testing. Please note: If patients arrive needing medical care, they will be directed appropriately (e.g. immediate attention to ED). If patients present and don’t meet the criteria for testing, they will be sent home to conserve resources. You can call the triage hotline ahead of arrival to ensure you are eligible for testing.",https://www.stlukesonline.org/blogs/st-lukes/notes-and-announcements/2020/apr/st-lukes-covid-19-coronavirus-announcement,New Testing Site
Idaho,Primary Health Medical Group,Urgent Care,"5601 W. Chinden Blvd, Garden City, ID 83714", 83714,(208) 809-2865,"8am-8pm, Daily","Patients can be evaluated and have samples collected at respiratory clinics in Garden City, Meridian and Nampa. Patients are asked to all ahead for a same-day appointment and remain in the car upon arrival.",https://www.primaryhealth.com/coronavirus-covid-19,New Testing Site
Idaho,Primary Health Medical Group,Urgent Care,"3280 E. Lanark Dr. Meridian, ID 83642", 83642,(208) 895-8670,"8am-8pm, Daily","Patients can be evaluated and have samples collected at respiratory clinics in Garden City, Meridian and Nampa. Patients are asked to all ahead for a same-day appointment and remain in the car upon arrival.",https://www.primaryhealth.com/coronavirus-covid-19,New Testing Site
Idaho,St. Luke's Wood River Hospital,Drive-Thru,"100 Hospital Dr, Ketchum, ID 83340", 83340,(208) 381-9500,"10am-4pm, Daily","In an effort to help manage patient flow in all urgent care, emergency department and ambulatory clinic sites, there will be standing up COVID-19 tents for screening and specimen collection for testing. The tents will hold supplies, and patients will stay in their cars for screening, registration and specimen collection for testing. Please note: If patients arrive needing medical care, they will be directed appropriately (e.g. immediate attention to ED). If patients present and don’t meet the criteria for testing, they will be sent home to conserve resources. You can call the triage hotline ahead of arrival to ensure you are eligible for testing.",https://www.stlukesonline.org/blogs/st-lukes/notes-and-announcements/2020/mar/st-lukes-covid-19-coronavirus-announcement,New Testing Site
Idaho,St. Luke's Surgery Center at the Magic Valley,Drive-Thru,"575 Pole Line Rd. W., Twin Falls, ID, 83301", 83301,(208) 381-9500,"10am-6pm, Daily","In an effort to help manage patient flow in all urgent care, emergency department and ambulatory clinic sites, there will be standing up COVID-19 tents for screening and specimen collection for testing. The tents will hold supplies, and patients will stay in their cars for screening, registration and specimen collection for testing. Please note: If patients arrive needing medical care, they will be directed appropriately (e.g. immediate attention to ED). If patients present and don’t meet the criteria for testing, they will be sent home to conserve resources. You can call the triage hotline ahead of arrival to ensure you are eligible for testing.",https://www.stlukesonline.org/blogs/st-lukes/notes-and-announcements/2020/apr/st-lukes-covid-19-coronavirus-announcement,New Testing Site
Idaho,St. Luke's Surgery Center at the Magic Valley,Drive-Thru,"575 Pole Line Rd. W., Twin Falls, ID, 83301", 83301,(208) 381-9500,"10am-6pm, Daily","In an effort to help manage patient flow in all urgent care, emergency department and ambulatory clinic sites, there will be standing up COVID-19 tents for screening and specimen collection for testing. The tents will hold supplies, and patients will stay in their cars for screening, registration and specimen collection for testing. Please note: If patients arrive needing medical care, they will be directed appropriately (e.g. immediate attention to ED). If patients present and don’t meet the criteria for testing, they will be sent home to conserve resources. You can call the triage hotline ahead of arrival to ensure you are eligible for testing.",https://www.stlukesonline.org/blogs/st-lukes/notes-and-announcements/2020/apr/st-lukes-covid-19-coronavirus-announcement,New Testing Site
Idaho,St. Luke's Nampa Medical Center,Screening Hotline,"9850 W St Lukes Dr, Nampa, ID 83687", 83687,(208) 381-9500,Open 24 hrs,"Call the St. Luke's triage hotline at 208-381-9500 for screening and triage. A member of the clinical staff will complete a risk assessment over the phone and provide guidance on next steps, which may include specimen collection for testing at a local facility, if necessary.",https://www.stlukesonline.org/blogs/st-lukes/notes-and-announcements/2020/apr/st-lukes-covid-19-coronavirus-announcement,New Testing Site
Idaho,St. Luke's McCall Medical Center-Parking Lot,Drive-Thru,"1000 State St, McCall, ID 83638", 83638,(208) 634-1776,"8am-6pm, Monday-Friday; 9am-3pm Saturday-Sunday","Suspected COVID-19 patients will be screened at their cars by appointment only and, if needed, have a sample collected for testing. To make an appointment call 208-634-1776.",https://www.stlukesonline.org/blogs/st-lukes/notes-and-announcements/2020/apr/st-lukes-covid-19-coronavirus-announcement,New Testing Site
Idaho,Primary Health Medical Group,Urgent Care,"700 Caldwell Blvd., Nampa, ID 83651", 83651,(208) 466-6567,"8am-8pm, Daily","Patients can be evaluated and have samples collected at respiratory clinics in Garden City, Meridian and Nampa. Patients are asked to all ahead for a same-day appointment and remain in the car upon arrival.",https://www.primaryhealth.com/coronavirus-covid-19,New Testing Site
Idaho,St. Luke's Surgery Center at the Magic Valley,Drive-Thru,"575 Pole Line Rd. W., Twin Falls, ID, 83301", 83301,(208) 381-9500,"10am-6pm, Daily","In an effort to help manage patient flow in all urgent care, emergency department and ambulatory clinic sites, there will be standing up COVID-19 tents for screening and specimen collection for testing. The tents will hold supplies, and patients will stay in their cars for screening, registration and specimen collection for testing. Please note: If patients arrive needing medical care, they will be directed appropriately (e.g. immediate attention to ED). If patients present and don’t meet the criteria for testing, they will be sent home to conserve resources. You can call the triage hotline ahead of arrival to ensure you are eligible for testing.",https://www.stlukesonline.org/blogs/st-lukes/notes-and-announcements/2020/apr/st-lukes-covid-19-coronavirus-announcement,New Testing Site
Idaho,St. Luke's Surgery Center at the Magic Valley,Drive-Thru,"575 Pole Line Rd. W., Twin Falls, ID, 83301", 83301,(208) 381-9500,"10am-6pm, Daily","In an effort to help manage patient flow in all urgent care, emergency department and ambulatory clinic sites, there will be standing up COVID-19 tents for screening and specimen collection for testing. The tents will hold supplies, and patients will stay in their cars for screening, registration and specimen collection for testing. Please note: If patients arrive needing medical care, they will be directed appropriately (e.g. immediate attention to ED). If patients present and don’t meet the criteria for testing, they will be sent home to conserve resources. You can call the triage hotline ahead of arrival to ensure you are eligible for testing.",https://www.stlukesonline.org/blogs/st-lukes/notes-and-announcements/2020/apr/st-lukes-covid-19-coronavirus-announcement,New Testing Site
Idaho,St. Luke's Surgery Center at the Magic Valley,Drive-Thru,"575 Pole Line Rd. W., Twin Falls, ID, 83301", 83301,(208) 381-9500,"10am-6pm, Daily","In an effort to help manage patient flow in all urgent care, emergency department and ambulatory clinic sites, there will be standing up COVID-19 tents for screening and specimen collection for testing. The tents will hold supplies, and patients will stay in their cars for screening, registration and specimen collection for testing. Please note: If patients arrive needing medical care, they will be directed appropriately (e.g. immediate attention to ED). If patients present and don’t meet the criteria for testing, they will be sent home to conserve resources. You can call the triage hotline ahead of arrival to ensure you are eligible for testing.",https://www.stlukesonline.org/blogs/st-lukes/notes-and-announcements/2020/apr/st-lukes-covid-19-coronavirus-announcement,New Testing Site
Idaho,St. Luke's Jerome Family Medicine,Screening Hotline,"132 5th Ave. W. Suites 1 and 2, Jerome, ID 83338", 83338,(208) 814-9800,"8am-5pm, Monday-Friday","A member of the clinical staff will complete a risk assessment over the phone and provide guidance on next steps, which may include specimen collection for testing at a local facility, if necessary.",https://www.stlukesonline.org/blogs/st-lukes/notes-and-announcements/2020/apr/st-lukes-covid-19-coronavirus-announcement,New Testing Site
Idaho,St. Luke's Surgery Center at the Magic Valley,Drive-Thru,"575 Pole Line Rd. W., Twin Falls, ID, 83301", 83301,(208) 381-9500,"10am-6pm, Daily","In an effort to help manage patient flow in all urgent care, emergency department and ambulatory clinic sites, there will be standing up COVID-19 tents for screening and specimen collection for testing. The tents will hold supplies, and patients will stay in their cars for screening, registration and specimen collection for testing. Please note: If patients arrive needing medical care, they will be directed appropriately (e.g. immediate attention to ED). If patients present and don’t meet the criteria for testing, they will be sent home to conserve resources. You can call the triage hotline ahead of arrival to ensure you are eligible for testing.",https://www.stlukesonline.org/blogs/st-lukes/notes-and-announcements/2020/apr/st-lukes-covid-19-coronavirus-announcement,New Testing Site
Idaho,St. Luke's Surgery Center at the Magic Valley,Drive-Thru,"575 Pole Line Rd. W., Twin Falls, ID, 83301", 83301,(208) 381-9500,"10am-6pm, Daily","In an effort to help manage patient flow in all urgent care, emergency department and ambulatory clinic sites, there will be standing up COVID-19 tents for screening and specimen collection for testing. The tents will hold supplies, and patients will stay in their cars for screening, registration and specimen collection for testing. Please note: If patients arrive needing medical care, they will be directed appropriately (e.g. immediate attention to ED). If patients present and don’t meet the criteria for testing, they will be sent home to conserve resources. You can call the triage hotline ahead of arrival to ensure you are eligible for testing.",https://www.stlukesonline.org/blogs/st-lukes/notes-and-announcements/2020/apr/st-lukes-covid-19-coronavirus-announcement,New Testing Site
Idaho,St. Luke's Surgery Center at the Magic Valley,Drive-Thru,"575 Pole Line Rd. W., Twin Falls, ID, 83301", 83301,(208) 381-9500,"10am-6pm, Daily","In an effort to help manage patient flow in all urgent care, emergency department and ambulatory clinic sites, there will be standing up COVID-19 tents for screening and specimen collection for testing. The tents will hold supplies, and patients will stay in their cars for screening, registration and specimen collection for testing. Please note: If patients arrive needing medical care, they will be directed appropriately (e.g. immediate attention to ED). If patients present and don’t meet the criteria for testing, they will be sent home to conserve resources. You can call the triage hotline ahead of arrival to ensure you are eligible for testing.",https://www.stlukesonline.org/blogs/st-lukes/notes-and-announcements/2020/apr/st-lukes-covid-19-coronavirus-announcement,New Testing Site
Illinois,Roseland Hospital,Drive-thru/Walk-up,"45 W 111th St, Chicago, IL 60628", 60628,,"9am-3pm, Daily","Each person will be given a number and then will be seen by a physician for COVID-19 symptoms. They will then be screened by a doctor. If the doctor believes the patient should be tested, the patient will be given one of the 200 available COVID-19 swab test, or blood tests. At this time, they will prioritize those who are at showing symptoms like fever and cough, and have traveled or been exposed to someone who has COVID-19. The hospital will be asking for health care insurance. Roseland Community Hospital is in the process of determining the cost of the tests for uninsured patients.",https://abc7chicago.com/health/roseland-community-hospital-offers-drive-thru-covid-19-testing/6069211/,New Testing Site
Illinois,McLean county fairgrounds,drive thru,"1106 Interstate Dr, Bloomington, IL 61705", 61705,,9AM - 5PM daily,"The drive-thru Covid-19 testing site they can test up to 250 people per day.

If you meet the criteria you can drive to the site at the McLean County Fairgrounds and be tested for free.

Drive Thru Testing Site Guidelines

* Healthcare workers with symptoms
* First Responders with symptoms
* Individuals over 65 with symptoms
* Individuals with underlying health conditions with symptoms

***You must be symptomatic but lack of a fever does not make you ineligible. Here is the link to symptom information from the CDC: https://www.cdc.gov/coronavirus/2019-ncov/symptoms-testing/symptoms.html

Please remember each vehicle can have a maximum of four occupants and anyone being screened and/or tested needs to be seated next to an operating window. People will be permitted to step outside of their vehicles to use the portable restrooms but may not wander. You may not have taken any fever reducing medications within six hours prior to testing.

If you're concerned about yourself and meet the criteria please go out.",https://www.mcleancountyema.org/,New Testing Site
Iowa,Mercy Family Medicine-Coralville,Drive-thru,"2055 Oakdale Rd. Coralville, IA 52241",52241,(319) 248-0037,By appointment only.,"At this time, testing is being done by appointment only - no walk-ins will be accepted. You must call ahead to determine if you are eligible for testing. Instructions for testing will be provided to you once you are screened.",https://www.press-citizen.com/story/news/2020/04/02/separate-clinics-set-up-reduce-exposure/5113419002/,New Testing Site
Louisiana,The Burton Complex,Drive-Thru,"7001 Gulf Hwy, Lake Charles, LA 70607", 70607,,"8:30am-3:30pm, April 7-9th",The tests are for persons with symptoms who are at high risk for complications. Residents who seek testing should bring a driver’s license or state-issued identification and any insurance information they may have. A doctor’s referral is not needed. Residents may begin lining up at 8:30 am. A maximum of two people per vehicle may be tested and all must sit in the front seat of the vehicle. This site is intended for people who need testing and have mild or moderate symptoms.,https://www.katc.com/news/coronavirus/covid-19-screening-and-testing-sites,New Testing Site
Louisiana,West Jeff Medical Center- Marrero,Drive-Thru,"1101 Medical Center Blvd, Marrero, LA 70072", 70072,(504) 962-6202,12pm-8pm daily,Anyone experiencing symptoms is encouraged to call the hotline at: 504-962-6202. If further evaluation is deemed necessary patients will be instructed to vist the drive through Screening Center. Patients are asked to bring valid ID and insurance card.,https://docs.google.com/spreadsheets/d/18vys3Y5Owxbxnd5Sw0yB2r4LcfOxH1ERWBayI2ZwlMU/edit#gid=80312056,New Testing Site
Louisiana,The Cajundome,Drive-Thru,"444 Cajundome Blvd, Lafayette, LA 70506", 70506,(337) 534-8378,"8:30 am - 10:30 am, Daily","Residents should first call 311 to speak with a healthcare professional. It will then be determined if they should contact their PCP, visit an urgent care facility or emergency room, or go to the Cajundome for further screening. Once there, residents will be screened for possible symptoms. If so, they will first be tested for the flu. If that test comes back negative, they will be tested for COVID-19. In addition to 311, LCG has set up an alternate line for phone screening at (337) 534-TEST. Residents should bring a picture ID and insurance card to be tested for the flu or COVID-19. Screening and testing services are free. The site is only for individuals in high risk groups who have symptoms. People who are 60 or older, immune compromised, on dialysis, have cancer and are immune compromised and have symptoms will be screened at the location. The screening is not intended for people who are young and healthy or are in the high risk groups but have no symptoms.",http://www.lafayettela.gov/siteassets/files/ScreeningSite-2.pdf,New Testing Site
Louisiana,Oschner Center for Primary Care and Wellness,Drive-Thru,"1401 Jefferson Hwy, Jefferson, LA 70121", 70121,,by appointment only.,Ochsner patients only - orders come through the electronic medical record system.,https://docs.google.com/spreadsheets/d/18vys3Y5Owxbxnd5Sw0yB2r4LcfOxH1ERWBayI2ZwlMU/edit#gid=80312056,New Testing Site
Louisiana,Crescent Care,Drive-Thru/Walk-up,"1631 Elysian Fields Ave, New Orleans, LA 70117", 70117,(504) 821-2601,"8:30am-5pm, Monday-Friday",All clients are asked to please call ahead before visit any CrescentCare site. 1631 Elysian Fields location will provide walk-in testing from 9am-4pm if patient presents with fever AND one of the following 3 symptoms: cough OR shortness of breath OR sore throat. Please bring picture ID and insurance card.,https://docs.google.com/spreadsheets/d/18vys3Y5Owxbxnd5Sw0yB2r4LcfOxH1ERWBayI2ZwlMU/edit#gid=80312056,New Testing Site
Maryland,Anne Arundel County Department of Health,Drive-Thru,"3 Harry S. Truman Pkwy, Annapolis, MD 21401", 21401,(410) 222-7095,Call to confirm,"To be tested at this facility, you must have a doctor's referral.",https://aahealth.org/,New Testing Site
Missouri,Lake Regional Health System,Hospital,"54 Hospital Dr Suite 111, Osage Beach, MO 65065", 65065,(573) 348-8000,Call to confirm,"If you have developed symptoms such as fever, cough, and/or difficulty breathing, and have been in close contact with a person known to have COVID-19, you may be tested at this location. Please call (573) 348-8000 to set up an appointment.",https://www.lakeregional.com/,New Testing Site
Missouri,NextCare Urgent Care,Hospital,"2741 NE McBaine Dr, Lee's Summit, MO 64064", 64064,(816) 554-2600,"8 am - 8 pm, Every day","If you have developed symptoms such as fever, cough, and/or difficulty breathing, and have been in close contact with a person known to have COVID-19, you may be tested at this location. Please call (816) 554-2600 to set up your appointment.",https://nextcare.com/locations/mo/nextcare-urgent-care-clinic-lee-summit-missouri/?utm_source=GoogleMaps&utm_medium=Local&utm_campaign=lees_summit,New Testing Site
Missouri,Next Care Urgent Care,Hospital,"1860 N Church Rd, Liberty, MO 64068", 64068,(816) 415-2828,8 am - 8 pm Monday - Friday; 9 am - 4 pm Saturday - Sunday,"If you have developed symptoms such as fever, cough, and/or difficulty breathing, and have been in close contact with a person known to have COVID-19, you may be tested at this location. Please call (816) 415-2828 to set up your appointment.",https://nextcare.com/locations/mo/nextcare-urgent-care-clinic-liberty-missouri/?utm_source=GoogleMaps&utm_medium=Local&utm_campaign=liberty,New Testing Site
Missouri,Missouri Health Laboratory,Laboratory,"101 Chestnut St, Jefferson City, MO 65101", 65101,(573) 751-3334,Call to confirm,The Missouri Health Labratory will only be testing first responders and health care officials. Please call to schedule an appointment for testing.,,New Testing Site
Missouri,Hermann Area District Hospital,Hospital,"509 W 18th St, Hermann, MO 65041", 65041,(573) 569-5049,,"If you have developed symptoms such as fever, cough, and/or difficulty breathing, and have been in close contact with a person known to have COVID-19, call (573) 569-5049 to be tested at this facility.",https://www.hadh.org/,New Testing Site
Missouri,First Point Urgent Care MO,Hospital,"8144 NW Prairie View Rd, Kansas City, MO 64151", 64151,(816) 505-3669,9 am - 8 pm Monday - Friday; 9 am -  5 pm Saturday; 10 am - 5 pm Sunday,"If you have developed symptoms such as fever, cough, and/or difficulty breathing, and have been in close contact with a person known to have COVID-19, please fill out the telemedicine form online through https://www.firstpointurgentcare.org/telemedicine to set up your appointment.",https://www.firstpointurgentcare.org/telemedicine,New Testing Site
Missouri,Urgent Care of Kansas City,Hospital,"4741 S Arrowhead Dr # B, Independence, MO 64055", 64055,(816) 795-6000,"8:30 am - 9 pm, Every day","If you have developed symptoms such as fever, cough, and/or difficulty breathing, and have been in close contact with a person known to have COVID-19, you may be tested at this facility.",http://gotomyurgentcare.com/,New Testing Site
Missouri,Pershing Memorial Hospital,Hospital,"130 E Lockling Ave, Brookfield, MO 64628", 64628,(660) 258-2222,Call to confirm,"If you have developed symptoms such as fever, cough, and/or difficulty breathing, and have been in close contact with a person known to have COVID-19, you may be tested at this location.",http://www.phsmo.org/,New Testing Site
Missouri,Fitzgibbon Hospital,Drive-Thru,"1860 N Church Rd, Liberty, MO 64068", 64068,(816) 415-2828,24 hours,"If you have developed symptoms such as fever, cough, and/or difficulty breathing, and have been in close contact with a person known to have COVID-19, you may be tested at this facility. Please pull up to the curbside of the emergency department and stay in your car until a healthcare professional comes to your window.",,New Testing Site
Missouri,Saint Luke’s Hospital,Hospital,"232 S Woods Mill Rd, Chesterfield, MO 63017", 63017,(816) 251-6100,Call to confirm,"Tests require a referral from your doctor. Once you're tested, your doctor will be contacted with information regarding next steps.",,New Testing Site
Nevada,Serenity Mental Health,Drive-Thru,"755 N. Roop St Ste. 101, Carson City, NV 89701", 89701,(775) 841-6050,Call to confirm hours,Appointment required. Please visit website for instructions on how to make an appointment: www.serenitymentalhealth.org.,https://www.serenitymentalhealth.org/,New Testing Site
Nevada,Serenity Mental Health,Drive-Thru,"2280 E. Calvada Blvd., Ste. 301, Pahrump, NV 89048", 89048,(775) 751-5211,Call to confirm hours,Appointment required. Please visit website for instructions on how to make an appointment: www.serenitymentalhealth.org.,https://www.serenitymentalhealth.org/,New Testing Site
New Jersey,Rowan College Cumberland Campus,Drive-Thru,"3322 College Drive, Vineland, NJ 08360", 08360,(856) 451-4700,call,"You must have both a prescription and an appointment provided to you by the Cumberland County Health Department in order to be tested. To make an appointment: 1.) Visit CompleteCareNJ.org's Request an Appointment Page, complete the form, and choose COVID-19 Telephone Screening as your reason for visit. 2.) Wait for a call back from CompleteCare. The agent will schedule you a telephone screening with a CompleteCare provider. 3.) During your telephone appointment, the provider will determine if you need to be tested. Not everyone will require a test. 4.) If you require a test, your prescription will be electronically submitted to Lab Corp. 5.) After your prescription is submitted, the Cumberland County Health Department will contact you to schedule your drive-thru test appointment time. 6. At the day and time of your scheduled appointment you should visit the Cumberland County testing location. No one will be tested without an appointment.",https://www.completecarenj.org/request-an-appointment/,New Testing Site
New Jersey,NJ MVC Kilmer Inspection Center,Drive-Thru,"33 Kilmer Road, Edison, NJ 08817", 08817,(732) 745-3100,"10 am - 2 pm Monday, Wednesday, Friday","To receive testing, you must be a Middlesex County resident (valid driver's license or state issued identification is required), make an appointment online or via phone, as well as either have a valid doctor's prescription or be exhibiting symptoms which include: fever 100.4 degrees or higher (99.6 degrees for people 65 years and older); respiratory symptoms; and/or shortness of breath. Residents can make their appointments online or by phone and can only be made the day before a testing day.",http://www.middlesexcountynj.gov/News/Pages/Middlesex-County-opening-COVID-19-drive-thru-testing-site-on-April-1-in-Edison.aspx,New Testing Site
New Jersey,Ocean County College,Drive-Thru,"1 College Drive, Toms River, NJ 08754", 08754,(800) 342-9738,9 am - 3 pm Monday - Friday,"Testing is by appointment only for Ocean County residents. Obtain a physician's prescription for a test and then register online. Must present proof of Ocean County residency. Residents can obtain prescriptions online: Hackensack Meridian Health (Ocean Medical Center, Southern Ocean Medical Center) https://www.hackensackmeridianhealth.org/covid19/
 OR RWJ Barnabas Healthcare System (Community Medical Center, Monmouth Medical Center Southern Campus) www.RWJBHtelemed.org  use code RWJBH15",https://ochd.simplybook.me/v2/,New Testing Site
New Mexico,NMDOH NW Region - Midtown Public Health Office,Drive-Thru,"2400 Wellesley Dr NE, Albuquerque, New Mexico 87107", 87107,(505) 235-1564,8 am - 5 pm Monday - Friday,Call for an appointment. A referral from a healthcare provider or the Department of Health is preferred. Please stay in your vehicle.,https://cvprovider.nmhealth.org/directory.html,New Testing Site
New Mexico,UNMH Respiratory Care Center,Clinic,"2211 Lomas Blvd. NE, Albuquerque, New Mexico 87106", 87106,(505) 272-2411,24 hours,Located next to patient parking garage in the Barbara and Bill Richardson Pavilion (BBRP). Directions to the Respiratory Care Center will be provide at the building entrance.,https://cvprovider.nmhealth.org/directory.html,New Testing Site
New Mexico,NMDOH SE Region - Roswell Public Health Office,Drive-Thru,"200 E. Chisum St., Roswell, New Mexico 88203", 88203,(575) 624-6050,8:30 am - 11:30 am Monday - Thursday,Call for appointment.,https://cvprovider.nmhealth.org/directory.html,New Testing Site
New Mexico,NMDOH NW Region - Grants Public Health Office,Drive-Thru,"700 E. Roosevelt, Suite 100, Grants, New Mexico 87020", 87020,(505) 285-4601,8 am - 5 pm Monday - Friday,Call for an appointment. A referral from a healthcare provider or the Department of Health is preferred. Please stay in your vehicle.,https://cvprovider.nmhealth.org/directory.html,New Testing Site
New Mexico,Colfax General Lab,Drive-Thru,"615 Prospect Ave, Springer, New Mexico 87747", 87747,(575) 483-3310,7 am - 1 pm Monday - Friday,Testing is by appointment only. Call for appointment.,https://cvprovider.nmhealth.org/directory.html,New Testing Site
New Mexico,NMDOH SE Region - Clovis Public Health Office,Drive-Thru,"1216 Cameo, Clovis, New Mexico 88101", 88101,(575) 763-5583,1 pm - 4 pm Monday - Thursday,Call for an appointment. A referral from a healthcare provider or the Department of Health is preferred. Please stay in your vehicle.,https://cvprovider.nmhealth.org/directory.html,New Testing Site
New Mexico,Ft. Sumner Public Health Department,Drive-Thru,"643 5TH STREET, FORT SUMNER, New Mexico 88119", 88119,(575) 355-2362,2 pm - 4 pm Friday,Call for appointment.,https://cvprovider.nmhealth.org/directory.html,New Testing Site
New Mexico,NMDOH SW Region - Anthony Public Health Office,Drive-Thru,"865 N. Anthony Dr, Anthony, New Mexico 88021", 88021,(575) 882-5858,8:30 am - 11:30 am Monday - Friday,Please call to schedule an appointment and you will receive further instructions. (575) 882-5858 ext. 4,https://cvprovider.nmhealth.org/directory.html,New Testing Site
New Mexico,NMDOH SW Region - Las Cruces Public Health Office,Drive-Thru,"1170 North Solano, Las Cruces, New Mexico 88001", 88001,(575) 528-5001,8:30 am - 11:30 am Monday - Friday,Please call to schedule an appointment and you will receive further instructions. (575) 882-5858 ext. 4,https://cvprovider.nmhealth.org/directory.html,New Testing Site
New Mexico,NMDOH SW Region - Sunland Park Public Health Office,Drive-Thru,"3807 McNutt Road, Sunland Park, New Mexico 88063", 88063,(575) 589-2543,1 pm - 3 pm Monday; 8:30 am - 11:30 am Wednesday,Please call to schedule an appointment and you will receive further instructions. (575) 589-2543 ext. 4,https://cvprovider.nmhealth.org/directory.html,New Testing Site
New Mexico,NMDOH SE Region - Artesia Public Health Office,Drive-Thru,"1001 Memorial Drive, Artesia, New Mexico 88210", 88210,(575) 746-9819,9 am - 11 am Monday - Thursday,Call for an appointment. A referral from a healthcare provider or the Department of Health is preferred. Please stay in your vehicle.,https://cvprovider.nmhealth.org/directory.html,New Testing Site
New Mexico,NMDOH SE Region - Carlsbad Public Health Office,Drive-Thru,"1306 West Stevens, Carlsbad, New Mexico 88220", 88220,(575) 885-4191,1 pm - 3 pm Wednesday - Thursday,Call for an appointment. A referral from a healthcare provider or the Department of Health is preferred. Please stay in your vehicle.,https://cvprovider.nmhealth.org/directory.html,New Testing Site
New Mexico,Silver City Health Care Clinic - Bayard,Drive-Thru,"608 Winifred St, Bayard, NM 88023", 88023,(575) 538-2981,4 pm - 5 pm Monday - Friday,Call for information,https://cv.nmhealth.org/project/silver-city-health-care-clinic/,New Testing Site
New Mexico,NMDOH SE Region - Hobbs Public Health Office,Drive-Thru,"1923 N. Dal Paso, Suite B, Hobbs, New Mexico 88240", 88240,(575) 397-2463,2 pm - 4 pm Monday - Thursday,"Please call for appointment. Go to the DOH - North Parking Lot. Please stay in vehicle, call office upon arrival.",https://cvprovider.nmhealth.org/directory.html,New Testing Site
New Mexico,Nor-Lea Hospital District – Hobbs Medical Clinic,Drive-Thru,"1923 N. Dal Paso, Hobbs, New Mexico 88240", 88240,(575) 396-9090,10 am - 4 pm Monday - Friday,One way entrance off Michigan Street. Please call hotline to schedule an appointment and you will receive further details.,https://cvprovider.nmhealth.org/directory.html,New Testing Site
New Mexico,MMC - Memorial Medical Center,Drive-Thru,"2450 S Telshor Blvd, Las Cruces, New Mexico 88011", 88011,(855) 600-3453,9 am - 1 pm Monday - Friday,"Patients who are concerned they may be experiencing COVID-19 symptoms should come to MMC for screening. However, if you are experiencing a medical emergency, including shortness of breath, call 9-1-1 and notify the dispatch agent that you are experiencing symptoms consistent with COVID-19. An emergency medicine provider will determine, in coordination with the health department and CDC guidelines, if testing is appropriate. It is important to know before attending these screenings that those without symptoms of the COVID-19 infection do not need testing. Specific symptoms of COVID-19 are fever, cough, or shortness of breath. The following criteria will be used to determine who is tested: 1) People experiencing symptoms of COVID-19 infection: fever, cough, or shortness of breath. 2) People who have traveled from Europe (to include Italy), China, Iran, South Korea, Japan, Seattle, New York City, San Francisco and Portland, Oregon.",https://www.mmclc.org/hospital-news/covid-19-community-testing-available-at-mmc,New Testing Site
New Mexico,NMDOH SE Region - Ruidoso Public Health Office,Drive-Thru,"111 Kansas City Road, Ruidoso, New Mexico 88345", 88345,(575) 258-3252,2 pm - 4 pm Monday - Thursday,Call for an appointment. A referral from a healthcare provider or the Department of Health is preferred. Please stay in your vehicle.,https://cvprovider.nmhealth.org/directory.html,New Testing Site
New Mexico,NMDOH NW Region - Gallup Public Health Office,Drive-Thru,"1919 College Drive, Gallup, New Mexico 87301", 87301,(505) 722-4391,"10 am - 2 pm Monday, Wednesday, Friday",Call for an appointment. A referral from a healthcare provider or the Department of Health is preferred. Please stay in your vehicle.,https://cvprovider.nmhealth.org/directory.html,New Testing Site
New Mexico,Susan Bruce - Bloom and Grow Pediatrics,Clinic,"1315 Burro Ave Cloudcroft, Cloudcroft, New Mexico 88317", 88317,(575) 682-2002,"9 am - 4 pm Monday, Tuesday, Thursday, Friday",Call for an appointment.,https://cvprovider.nmhealth.org/directory.html,New Testing Site
New Mexico,NMDOH SE Region - TUCUMCARI PUBLIC HEALTH OFFICE,Drive-Thru,"310 S. 2ND STREET, Tucumcari, New Mexico 88401", 88401,(575) 461-2610,2 pm - 4 pm Monday - Thursday,Call for an appointment.,https://cvprovider.nmhealth.org/directory.html,New Testing Site
New Mexico,NMDOH SE Region - Portales Public Health Office,Drive-Thru,"1513 W. Fir St., Portales, New Mexico 88130", 88130,(575) 356-4453,9 am - 11 am Monday - Thursday,Call for an appointment. A referral from a healthcare provider or the Department of Health is preferred. Please stay in your vehicle.,https://cvprovider.nmhealth.org/directory.html,New Testing Site
New Mexico,NMDOH NW Region - Farmington Public Health Office,Drive-Thru,"355 S. Miller, Farmington, New Mexico 87401", 87401,(505) 327-4461,8 am - 5 pm Monday - Friday,Call for an appointment. A referral from a healthcare provider or the Department of Health is preferred. Please stay in your vehicle.,https://cvprovider.nmhealth.org/directory.html,New Testing Site
New Mexico,NMDOH NW Region - Sandoval Public Health Office,Drive-Thru,"1500 Idalia, Building B, Bernalillo, New Mexico 87004", 87004,(505) 867-2291,8 am - 5 pm Monday - Friday,Please call to schedule an appointment: (505) 867-2291 extension 1707,https://cvprovider.nmhealth.org/directory.html,New Testing Site
New Mexico,Southwest CARE Center - Adults,Clinic,"1691 Galisteo St, Ste D, Santa Fe, New Mexico 87505", 87505,(505) 988-8869,"1:30 pm - 5 pm Monday, Tuesday, Thursday, Friday; 2:30 pm - 5 pm Wednesday",For established Southwest CARE clients only. Triage over the phone. Call to be screened and to make an appointment. Pediatric patients will be seen in the morning and adult patients will be seen in the afternoon.,https://southwestcare.org/coronavirus-covid-19-alert/,New Testing Site
New Mexico,Southwest CARE Center - Pediatrics,Clinic,"1691 Galisteo St, Ste D, Santa Fe, New Mexico 87505", 87505,(505) 988-8869,8:30 am - 12 pm Monday - Friday,For established Southwest CARE clients only. Triage over the phone. Call to be screened and to make an appointment. Pediatric patients will be seen in the morning and adult patients will be seen in the afternoon.,https://southwestcare.org/coronavirus-covid-19-alert/,New Testing Site
New Mexico,Presbyterian - Socorro General Hospital - Socorro Medical Group Clinic,Clinic,"1202 Highway 60 West, Socorro, New Mexico 87801", 87801,(575) 838-4690,2:30 pm - 4 pm Monday - Friday,"If you have been screened and require testing, please visit your regular healthcare provider. If you are a patient at Socorro Medical Group Clinic, call the clinic at 575-838-4690 and you will be met outside for triage. Specimens can be collected from 2:30 p.m.- 4 p.m. every day. If you have symptoms and need emergency care, please call the Emergency Department at 575-835-8370 before arriving.",https://cvprovider.nmhealth.org/directory.html,New Testing Site
New Mexico,Estancia Public Health Office,Drive-Thru,"300 South Eighth Street, Estancia, New Mexico 87016", 87016,(505) 222-6530,8 am - 5 pm Monday - Friday,Testing is by appointment only. It is preferred if you have a referral from a healthcare provider or the Department of Health. Please call for appointment.,https://cvprovider.nmhealth.org/directory.html,New Testing Site
New Mexico,NMDOH NW Region - Belen Public Health Office,Drive-Thru,"617 Becker Ave, Belen, New Mexico 87002", 87002,(505) 864-7743 ext 1101,8 am - 5 pm Monday - Friday,Call for screening and appointment. It is preferred if you have a referral from a healthcare provider or the Department of Health.,https://cvprovider.nmhealth.org/directory.html,New Testing Site
New York,AFC Urgent Care Farmingdale,Urgent Care,"Bi-County Shopping Center, 1037 Fulton Street, Farmingdale, NY 11735", 11735,(631) 983-4578,8 am - 8 pm daily,"Testing is on a first come, first serve basis and limited to 100 tests per day. Testing is given only to symptomatic patients. Visit the website for up-to-date information as testing is subject to change.",https://www.evive.care/www.afcurgentcare.com/farmingdale/,New Testing Site
New York,AFC Urgent Care East Meadow,Urgent Care,"2310 Hempstead Turnpike, East Meadow, NY 11554", 11554,(516) 531-6492,8 am - 10 pm Monday - Friday; 8 am - 5 pm Saturday & Sunday,"Testing is on a first come, first serve basis and limited to 100 tests per day. Testing is given only to symptomatic patients. Visit the website for up-to-date information as testing is subject to change.",https://www.evive.care/www.afcurgentcare.com/east-meadow/,New Testing Site
New York,Cornerstone Medical Center in Newburgh,Drive-Thru,"147 Lake St, Newburgh, NY 12550", 12550,(845) 563-8000,8 am - 8 pm Monday - Friday; 9 am - 5 pm Saturday & Sunday,"Curbside testing is by appointment only. If you are experiencing any symptoms of COVID-19 – fever, cough, sore throat, shortness of breath or muscle aches – please contact us by phone at (845) 563-8000. Our staff will help determine if you need to be seen and provide you with instructions for seeking medical care. If one of our physicians determine that you need to be tested for COVID-19, you will be sent to a site and asked to let them know when you’ve arrived by phone.",https://cornerstonefamilyhealthcare.org/coronavirus-covid-19/,New Testing Site
New York,Middletown Medical,Urgent Care,"111 Maltese Drive, Middletown NY, 10940", 10940,(845) 34204774,Call to confirm hours,Testing is by appointment only. Testing for COVID-19 is extremely limited. If you exhibit severe flu-like symptoms at this time you must call before arriving.,https://middletownmedical.com/novel-coronavirus-covid-19/,New Testing Site
New York,AFC Urgent Care West Islip,Urgent Care,"125 Sunrise Highway, West Islip, NY 11795", 11795,(631) 400-3430,8 am - 8 pm Monday - Friday; 8 am - 5 pm Saturday & Sunday,"Testing is on a first come, first serve basis and limited to 100 tests per day. Testing is given only to symptomatic patients. Visit the website for up-to-date information as testing is subject to change.",https://www.evive.care/www.afcurgentcare.com/west-islip,New Testing Site
Rhode Island,Twin River Casino - CVS MinuteClinic Mobile Testing Site,Drive-Thru,"100 Twin River RdLincoln, RI 02865", 02865,(401) 222-8022,,"An appointment is required. You can sign up on their website to schedule a same-day slot for testing at https://www.cvs.com/minuteclinic/covid-19-testing. Patients must be 18 years or older and a Rhode Island resident, and must have symptoms in order to be tested at this location. You do not need to have a doctor's referral. If you have any questions, you may call the RI Coronavirus Hotline: (401) 222-8022.",https://www.cvs.com/minuteclinic/covid-19-testing,New Testing Site
South Carolina,Roper St. Francis Physician Partners Primary Care,Drive-Thru,"5133 Rivers Ave North Charleston, SC 29406", 29406,(843) 549-4275,"8:30 am - 5 pm, Monday - Friday; 9 am - 1 pm, Saturday - Sunday",undefined,https://www.rsfh.com/coronavirus,New Testing Site
South Dakota,Sanford Aberdeen Medical Center,Hospital,"2905 Third Ave. SE. Aberdeen, South Dakota 57401", 57401,(605) 626-4200,24/7,"Sanford Health has launched a test for the COVID-19 virus using an FDA-approved method under Emergency Use Authorization. Tests will be available at Sanford clinics and medical centers, and processed at the Sanford laboratory in Sioux Falls. Patients will receive results in 24-48 hours. To be tested, patients must meet high-risk criteria and have a physician order. If patients are experiencing symptoms, they should call their provider instead of going directly to their clinic. An e-visit is an online questionnaire about symptoms that patients complete from home. A Sanford provider will review and respond within four hours with a treatment plan or prescription, or instruction to be seen in-person for further evaluation or testing.",https://news.sanfordhealth.org/coronavirus-disease-2019-covid-19/sanford-health-launches-in-house-testing-for-coronavirus/,New Testing Site
South Dakota,Sanford Chamberlain Medical Center,Hospital,"300 S. Byron Blvd. Chamberlain, South Dakota 57325", 57325,(605) 234-5511,24/7,"Sanford Health has launched a test for the COVID-19 virus using an FDA-approved method under Emergency Use Authorization. Tests will be available at Sanford clinics and medical centers, and processed at the Sanford laboratory in Sioux Falls. Patients will receive results in 24-48 hours. To be tested, patients must meet high-risk criteria and have a physician order. If patients are experiencing symptoms, they should call their provider instead of going directly to their clinic. An e-visit is an online questionnaire about symptoms that patients complete from home. A Sanford provider will review and respond within four hours with a treatment plan or prescription, or instruction to be seen in-person for further evaluation or testing.",https://news.sanfordhealth.org/coronavirus-disease-2019-covid-19/sanford-health-launches-in-house-testing-for-coronavirus/,New Testing Site
South Dakota,Sanford Vermillion Medical Center,Hospital,"20 S. Plum St. Vermillion, South Dakota 57069", 57069,(605) 677-3500,24/7,"Sanford Health has launched a test for the COVID-19 virus using an FDA-approved method under Emergency Use Authorization. Tests will be available at Sanford clinics and medical centers, and processed at the Sanford laboratory in Sioux Falls. Patients will receive results in 24-48 hours. To be tested, patients must meet high-risk criteria and have a physician order. If patients are experiencing symptoms, they should call their provider instead of going directly to their clinic. An e-visit is an online questionnaire about symptoms that patients complete from home. A Sanford provider will review and respond within four hours with a treatment plan or prescription, or instruction to be seen in-person for further evaluation or testing.",https://news.sanfordhealth.org/coronavirus-disease-2019-covid-19/sanford-health-launches-in-house-testing-for-coronavirus/,New Testing Site
South Dakota,Sanford Webster Medical Center,Hospital,"1401 W. First St. Webster, South Dakota 57274", 57274,(605) 345-3336,24/7,"Sanford Health has launched a test for the COVID-19 virus using an FDA-approved method under Emergency Use Authorization. Tests will be available at Sanford clinics and medical centers, and processed at the Sanford laboratory in Sioux Falls. Patients will receive results in 24-48 hours. To be tested, patients must meet high-risk criteria and have a physician order. If patients are experiencing symptoms, they should call their provider instead of going directly to their clinic. An e-visit is an online questionnaire about symptoms that patients complete from home. A Sanford provider will review and respond within four hours with a treatment plan or prescription, or instruction to be seen in-person for further evaluation or testing.",https://news.sanfordhealth.org/coronavirus-disease-2019-covid-19/sanford-health-launches-in-house-testing-for-coronavirus/,New Testing Site
South Dakota,Sanford Clear Lake Medical Center,Hospital,"701 Third Ave. S. Clear Lake, South Dakota 57226", 57226,(605) 874-2141,24/7,"Sanford Health has launched a test for the COVID-19 virus using an FDA-approved method under Emergency Use Authorization. Tests will be available at Sanford clinics and medical centers, and processed at the Sanford laboratory in Sioux Falls. Patients will receive results in 24-48 hours. To be tested, patients must meet high-risk criteria and have a physician order. If patients are experiencing symptoms, they should call their provider instead of going directly to their clinic. An e-visit is an online questionnaire about symptoms that patients complete from home. A Sanford provider will review and respond within four hours with a treatment plan or prescription, or instruction to be seen in-person for further evaluation or testing.",https://news.sanfordhealth.org/coronavirus-disease-2019-covid-19/sanford-health-launches-in-house-testing-for-coronavirus/,New Testing Site
South Dakota,Community Memorial Hospital,Hospital,"809 Jackson St. Burke, South Dakota 57523", 57523,(605) 775-2621,24/7,"Sanford Health has launched a test for the COVID-19 virus using an FDA-approved method under Emergency Use Authorization. Tests will be available at Sanford clinics and medical centers, and processed at the Sanford laboratory in Sioux Falls. Patients will receive results in 24-48 hours. To be tested, patients must meet high-risk criteria and have a physician order. If patients are experiencing symptoms, they should call their provider instead of going directly to their clinic. An e-visit is an online questionnaire about symptoms that patients complete from home. A Sanford provider will review and respond within four hours with a treatment plan or prescription, or instruction to be seen in-person for further evaluation or testing.",https://news.sanfordhealth.org/coronavirus-disease-2019-covid-19/sanford-health-launches-in-house-testing-for-coronavirus/,New Testing Site
South Dakota,Sanford Canton-Inwood Medical Center,Hospital,"440 N. Hiawatha Drive Canton, South Dakota 57013", 57013,(605) 764-1400,24/7,"Sanford Health has launched a test for the COVID-19 virus using an FDA-approved method under Emergency Use Authorization. Tests will be available at Sanford clinics and medical centers, and processed at the Sanford laboratory in Sioux Falls. Patients will receive results in 24-48 hours. To be tested, patients must meet high-risk criteria and have a physician order. If patients are experiencing symptoms, they should call their provider instead of going directly to their clinic. An e-visit is an online questionnaire about symptoms that patients complete from home. A Sanford provider will review and respond within four hours with a treatment plan or prescription, or instruction to be seen in-person for further evaluation or testing.",https://news.sanfordhealth.org/coronavirus-disease-2019-covid-19/sanford-health-launches-in-house-testing-for-coronavirus/,New Testing Site
South Dakota,Sanford USD Medical Center,Hospital,"1305 W. 18th St. Sioux Falls, South Dakota 57117", 57117,(605) 333-1000,24/7,"Sanford Health has launched a test for the COVID-19 virus using an FDA-approved method under Emergency Use Authorization. Tests will be available at Sanford clinics and medical centers, and processed at the Sanford laboratory in Sioux Falls. Patients will receive results in 24-48 hours. To be tested, patients must meet high-risk criteria and have a physician order. If patients are experiencing symptoms, they should call their provider instead of going directly to their clinic. An e-visit is an online questionnaire about symptoms that patients complete from home. A Sanford provider will review and respond within four hours with a treatment plan or prescription, or instruction to be seen in-person for further evaluation or testing.",https://news.sanfordhealth.org/coronavirus-disease-2019-covid-19/sanford-health-launches-in-house-testing-for-coronavirus/,New Testing Site
South Dakota,Sanford Heart Hospital,Hospital,"1301 W. 18th St. Sioux Falls, South Dakota 57105", 57105,(605) 333-1000,"8 am - 5 pm, Monday - Friday","Sanford Health has launched a test for the COVID-19 virus using an FDA-approved method under Emergency Use Authorization. Tests will be available at Sanford clinics and medical centers, and processed at the Sanford laboratory in Sioux Falls. Patients will receive results in 24-48 hours. To be tested, patients must meet high-risk criteria and have a physician order. If patients are experiencing symptoms, they should call their provider instead of going directly to their clinic. An e-visit is an online questionnaire about symptoms that patients complete from home. A Sanford provider will review and respond within four hours with a treatment plan or prescription, or instruction to be seen in-person for further evaluation or testing.",https://news.sanfordhealth.org/coronavirus-disease-2019-covid-19/sanford-health-launches-in-house-testing-for-coronavirus/,New Testing Site
South Dakota,Sanford Children’s Hospital Sioux Falls,Hospital,"1600 W. 22nd St. Sioux Falls, South Dakota 57117", 57117,(605) 312-1000,24/7,"Sanford Health has launched a test for the COVID-19 virus using an FDA-approved method under Emergency Use Authorization. Tests will be available at Sanford clinics and medical centers, and processed at the Sanford laboratory in Sioux Falls. Patients will receive results in 24-48 hours. To be tested, patients must meet high-risk criteria and have a physician order. If patients are experiencing symptoms, they should call their provider instead of going directly to their clinic. An e-visit is an online questionnaire about symptoms that patients complete from home. A Sanford provider will review and respond within four hours with a treatment plan or prescription, or instruction to be seen in-person for further evaluation or testing.",https://news.sanfordhealth.org/coronavirus-disease-2019-covid-19/sanford-health-launches-in-house-testing-for-coronavirus/,New Testing Site
South Dakota,Winner Regional Hospital,Hospital,"745 E. Eighth St. Winner, South Dakota 57580", 57580,(605) 842-7100,24/7,"Sanford Health has launched a test for the COVID-19 virus using an FDA-approved method under Emergency Use Authorization. Tests will be available at Sanford clinics and medical centers, and processed at the Sanford laboratory in Sioux Falls. Patients will receive results in 24-48 hours. To be tested, patients must meet high-risk criteria and have a physician order. If patients are experiencing symptoms, they should call their provider instead of going directly to their clinic. An e-visit is an online questionnaire about symptoms that patients complete from home. A Sanford provider will review and respond within four hours with a treatment plan or prescription, or instruction to be seen in-person for further evaluation or testing.",https://news.sanfordhealth.org/coronavirus-disease-2019-covid-19/sanford-health-launches-in-house-testing-for-coronavirus/,New Testing Site
Tennessee,Physician Services,Drive-Thru,"2650 Executive Park NW Suite 5 Cleveland, TN 37311", 37311,(423) 479-9679,Call to confirm,Call for appointment. Remain in vehicle at all times. $200 self pay only.,https://www.tn.gov/health/cedep/ncov/remote-assessment-sites.html,New Testing Site
Tennessee,EastLake Urgent Care,Drive-Thru,"2500 Jacksboro Pike Ste 6 Jacksboro, TN 37757", 37757,(423) 352-6500,Call to confirm,"Tennesseans should first call their usual source of care. If an assessment cannot be done in that location, individuals should call the assessment sites prior to going onsite. Most locations do a phone assessment to determine if an in-person assessment or test is needed. Most individuals, particularly those with mild or no symptoms do NOT need a test.",https://www.tn.gov/health/cedep/ncov/remote-assessment-sites.html,New Testing Site
Tennessee,Jackson County Health Department at Jackson County High School,Drive-Thru,"190 Blue Devil Ln. Gainesboro, TN 38562", 38562,(931) 268-0218,Call to confirm,"Tennesseans should first call their usual source of care. If an assessment cannot be done in that location, individuals should call the assessment sites prior to going onsite. Most locations do a phone assessment to determine if an in-person assessment or test is needed. Most individuals, particularly those with mild or no symptoms do NOT need a test.",https://www.tn.gov/health/cedep/ncov/remote-assessment-sites.html,New Testing Site
Tennessee,Zoo Knoxville,Drive-Thru,"3500 Knoxville Zoo Dr, Knoxville, TN 37914", 37914,(888) 837-8852,10 am - 5:30 pm,"To be tested, individuals must meet CDC guidelines for testing, which include fever, shortness of breath, chills, cough, or recent exposure to someone diagnosed with COVID-19; be approved by Kroger Health prior to the testing dates; and have an appointment. To request an appointment, Knox County residents should call Kroger Health (The Little Clinic) at 1-888-837-8852 (1-888-TEST TLC) and answer a few questions about your symptoms. If approved, a Kroger Health Call Center Associate will call you back to confirm your appointment and take additional information.",https://www.wate.com/health/coronavirus/knox-county-kroger-hosting-drive-thru-testing-event-at-zoo-knoxville-parking-lot/,New Testing Site
Tennessee,Macon County Health Department at Lafayette Missionary Baptist Church,Drive-Thru,"302 College St. Lafayette, TN 37083", 37083,(615) 666-2142,Call to confirm,"Tennesseans should first call their usual source of care. If an assessment cannot be done in that location, individuals should call the assessment sites prior to going onsite. Most locations do a phone assessment to determine if an in-person assessment or test is needed. Most individuals, particularly those with mild or no symptoms do NOT need a test.",https://www.tn.gov/health/cedep/ncov/remote-assessment-sites.html,New Testing Site
Tennessee,Polk County Copper Basin Center,Clinic,"840 Cherokee Trail Copperhill, TN 37317", 37317,(423) 496-3275,Call to confirm,"Tennesseans should first call their usual source of care. If an assessment cannot be done in that location, individuals should call the assessment sites prior to going onsite. Most locations do a phone assessment to determine if an in-person assessment or test is needed. Most individuals, particularly those with mild or no symptoms do NOT need a test.",https://www.tn.gov/health/cedep/ncov/remote-assessment-sites.html,New Testing Site
Texas,El Paso Department of Public Health,Drive-Thru,"5115 El Paso Dr. El Paso, TX 79905", 79905,(915) 212-0783,Call to confirm,Visit http://epstrong.org/testing.php for instructions.,http://epstrong.org/testing.php,New Testing Site
Texas,The OakBend Medical Group,Drive-Thru,"4911 Sandhill Dr. Sugarland, TX 77479", 77479,(281) 238-7870,8 am - 1 pm,"To qualify for testing, patients have to go through an initial phone screening by calling number 281-238-7870. If a patient qualifies, they will be given the address of the testing site. Tests results will take 24-48 hours before they are available.",https://www.khou.com/article/news/health/coronavirus/first-covid-19-testing-site-in-fort-bend-county-opens-today/285-ad670a8a-d019-47ad-8aa7-30c93da36111,New Testing Site
Texas,Smart Financial Centre at Sugar Land,Drive-Thru,"18111 Lexington Blvd. Sugarland, TX 77479", 77479,(877) 470-7787,"9 am - 4 pm, Monday - Friday","Anyone experiencing COVID-19 related symptoms such as temperatures exceeding 100, shortness of breath and dry/persistent coughs may be tested at this site.",https://www.sugarlandtx.gov/1969/COVID-19-Testing#testing,New Testing Site
Texas,Northeast Houston at Forest Brook Middle School,Drive-Thru,"7525 Tidwell Rd. Houston, TX 77016", 77016,(877) 470-7787,Call to confirm,This site does not require a pre-screening to be tested.,https://abc13.com/forest-brook-middle-school-coronavirus-testing-houston-free-drive-up/6070656/,New Testing Site
Texas,Dick Kleberg Park,Drive-Thru,"501 Santiago Park Lane, Kingsville, TX 78363", 78363,(361) 595-9746,Call to confirm,undefined,https://www.kiiitv.com/article/news/local/kleberg-county-to-open-covid-19-testing-site-at-dick-kleberg-park/503-5a40ad45-f2a7-4f4e-8ab3-2a20bc49c19c,New Testing Site
Texas,UMC Health System,Drive-Thru,"602 Indiana Avenue Lubbock, TX 79415", 79415,(806) 761-0111,"7 am - 7 pm, Monday - Friday; 1 pm - 5 pm, Saturday - Sunday","It’s important to remember if you haven’t traveled to an infected region as defined by the CDC or been in close contact with someone known to have the virus, your risk of contracting COVID-19 is very low. However, the CDC recommends if you’ve traveled to an infected region within the last 14 days or were in close contact with someone confirmed to have the infection and begin to feel sick with fever, cough, or shortness of breath, seek medical care. Call your primary care provider before going to a healthcare facility and let them know about your travel and symptoms to limit potential exposure to others and avoid spreading the virus. If you don't meet the CDC's criteria for COVID-19 but are still concerned or have questions, you can speak directly with a provider through UMC Virtual Visits to receive specific care recommendations.",https://www.umchealthsystem.com/covid-19/,New Testing Site
Texas,City of Amarillo/Texas Tech University Health Sciences Center,Drive-Thru,"3401 SE 10th Ave. Amarillo, TX 79104", 79104,(806) 378-6300,"9 am - 4 pm, Monday - Friday","Individuals who are experiencing symptoms of COVID-19 are encouraged to call the Amarillo Public Health Department at 806-378-6300. If the symptoms warrant a test, they will then be directed to the drive-thru facility for testing.",https://www.amarillo.gov/Home/Components/News/News/902/16,New Testing Site
Texas,Shannon Medical Center at Angelo State University,Drive-Thru,"2601 W Ave N, San Angelo, TX 76909", 76909,(844) 674-2666,9 am - 5 pm Monday - Friday,"This centralized site will enable patients to drive up and be evaluated in their vehicle by a medical provider. If the provider determines the patient may have COVID-19, according to the criteria set by the CDC, the patient will then be tested on site. Personnel will collect the necessary samples to send off for the test. The patient will then receive instructions regarding self-quarantine and next steps they must take until test results are returned.",https://www.shannonhealth.com/education-and-resources/covid-19-information/,New Testing Site
Texas,Austin Emergency Center Far West,,"3563 Far West Blvd Austin, TX 78731", 78731,(512) 481-2321,,,https://austiner.com/,New Testing Site
Texas,Austin Emergency Center South Lamar,,"4014 South Lamar Blvd Austin, TX 78704", 78704,(512) 774-5780,,,https://austiner.com/,New Testing Site
Texas,Austin Emergency Center Mueller,,"1801 E 51st St Bldg H Austin, TX 78723", 78723,(512) 322-5104,,,https://austiner.com/,New Testing Site
Texas,Austin Emergency Center Anderson Mill,,"13435 US Hwy 183 N Austin, TX 78750", 78750,(512) 614-1200,,,https://austiner.com/,New Testing Site
Texas,Harmony Clinics,Drive-Thru,"4412 Kell Blvd. Wichita Falls, TX 76309", 76309,(940) 233-1822,"8 am - 6 pm, Monday - Friday; 9 am - 1 pm, Saturday","We have a limited supply of COVID-19 tests, and we will begin offering them March 18th in the parking lot. We take private insurance, and we also offer self-pay discounts dependent upon the level of visit.",https://www.harmonywf.com/,New Testing Site
